"ASIN","Title","Image URL","Product URL","Stars","Reviews","Price","Is Best Seller","Bought In Last Month","Category Name"
"B07T7L39TN","Never Split the Difference: Negotiating as if Your Life Depended on It","https://m.media-amazon.com/images/I/71sXjfIJlcL._AC_UL320_.jpg","https://www.amazon.co.uk/dp/B07T7L39TN","4.6",39112,"0.0",1,0,"School & Educational Supplies"
"B0BQHJN9KP","DMR - Digital Mobile Radio Explained BTECH DMR-6x2 Pro Edition","https://m.media-amazon.com/images/I/71TNWd2a7zL._AC_UY218_.jpg","https://www.amazon.co.uk/dp/B0BQHJN9KP","4.6",3,"0.0","",0,"Radio Communication"
"B002SQBB7A","The Gruffalo Song & Other Songs","https://m.media-amazon.com/images/I/51zfn7AjT6L._AC_UL320_.jpg","https://www.amazon.co.uk/dp/B002SQBB7A","4.2",142,"0.0","",0,"Piano & Keyboard"
"B07VHSVDTY","How Not to Diet: The Groundbreaking Science of Healthy, Permanent Weight Loss","https://m.media-amazon.com/images/I/81-rJJ7oZHL._AC_UL320_.jpg","https://www.amazon.co.uk/dp/B07VHSVDTY","4.7",6187,"0.0","",0,"Sports Supplements"
"B07TYXW54L","Exercises with Resistance Loop Bands: 40+ Exercises to Strengthen your Muscles & Sculpt your Body at Home (Fitness Sutra)","https://m.media-amazon.com/images/I/81E65XJn2qL._AC_UL320_.jpg","https://www.amazon.co.uk/dp/B07TYXW54L","4.1",94,"0.0","",0,"Sports & Outdoors"
"B003WL4O38","Operation Mincemeat: The True Spy Story that Changed the Course of World War II","https://m.media-amazon.com/images/I/91lOmU-fXkL._AC_UY218_.jpg","https://www.amazon.co.uk/dp/B003WL4O38","4.5",5795,"0.0","",0,"PC & Video Games"
"B005KKRRVK","Kensukeâ€™s Kingdom","https://m.media-amazon.com/images/I/81GvPl74oyL._AC_UY218_.jpg","https://www.amazon.co.uk/dp/B005KKRRVK","4.7",4565,"0.0","",0,"PC & Video Games"
"B09WRXGQZL","Faith, Hope and Carnage","https://m.media-amazon.com/images/I/61NZOiH-LAL._AC_UY218_.jpg","https://www.amazon.co.uk/dp/B09WRXGQZL","4.7",546,"0.0","",0,"PC & Video Games"
"B00E3SYBWS","Go for the Gold, Atalanta! (Myth-O-Mania Book 8)","https://m.media-amazon.com/images/I/51rL3xogTFL._AC_UL320_.jpg","https://www.amazon.co.uk/dp/B00E3SYBWS","4.7",190,"0.0","",0,"Games & Game Accessories"
"B0BJQQZ79H","Battle of the Fang: Space Marine Battles: Warhammer 40,000","https://m.media-amazon.com/images/I/81GrJt-oZ8L._AC_UL320_.jpg","https://www.amazon.co.uk/dp/B0BJQQZ79H","4.6",166,"0.0","",0,"Games & Game Accessories"
"B0BLFPRMZH","Dungeons & Guardians: Battleborne, Book III","https://m.media-amazon.com/images/I/91b0r5gX3tL._AC_UL320_.jpg","https://www.amazon.co.uk/dp/B0BLFPRMZH","4.7",2421,"0.0","",0,"Games & Game Accessories"
"B0CJS3HXG6","Jesu, joy of man's desiring","https://m.media-amazon.com/images/I/61sjt9dZCoL._AC_UL320_.jpg","https://www.amazon.co.uk/dp/B0CJS3HXG6","3.2",6,"0.0","",0,"Piano & Keyboard"
"B082H1M3WM","Folklore and Fables II: An alternative look at Sheffield United","https://m.media-amazon.com/images/I/91O7UDdO9DL._AC_UL320_.jpg","https://www.amazon.co.uk/dp/B082H1M3WM","4.7",14,"0.0","",0,"Sports & Outdoors"
"B07YGP8442","100 Years of Leeds United","https://m.media-amazon.com/images/I/81-2+FdUu0L._AC_UL320_.jpg","https://www.amazon.co.uk/dp/B07YGP8442","4.8",1349,"0.0","",0,"Games & Game Accessories"
"B0BL8LQCHZ","4 in 1 Bundle Off the Grid Survival Book, Prepper's Survival Bible, How to Survive in the Woods, 10 Essential Tools to Live Off-Grid: Off the Grid Living, Survival & Bushcraft","https://m.media-amazon.com/images/I/91fKkpMpZ0L._AC_UL320_.jpg","https://www.amazon.co.uk/dp/B0BL8LQCHZ","4.3",5,"0.0","",0,"Sports & Outdoors"
"B09MJDT7GG","The Myth of Normal: Trauma, Illness & Healing in a Toxic Culture","https://m.media-amazon.com/images/I/91NrMSaDExL._AC_UL320_.jpg","https://www.amazon.co.uk/dp/B09MJDT7GG","4.7",2968,"0.0","",0,"Health & Personal Care"
"B00C9FUNAQ","The Advent Calendar","https://m.media-amazon.com/images/I/91GFt1jJ81L._AC_UL320_.jpg","https://www.amazon.co.uk/dp/B00C9FUNAQ","4.6",56,"0.0","",0,"Toy Advent Calendars"
"B0055SY77Y","Einstein's Tennis Racket (Einstein-Uber years)","https://m.media-amazon.com/images/I/91T4LHOkQWL._AC_UL320_.jpg","https://www.amazon.co.uk/dp/B0055SY77Y","5.0",1,"0.0","",0,"Sports & Outdoors"
